,comm_date,author,author_id,likes,comment,video_id
0,2024-05-31T03:21:08Z,@markicobsTV,UCp5qXrDZTG0P5XQrJu9E62A,0,Mbak mau nanya. Untuk breakfastnya anak2 kena berapa ya di Tentrem Smg?,9SPWMJ2Yk9g
1,2024-04-11T11:58:53Z,@VaniaCarissa-hf8tr,UC4-uKuW95Bvrn06k0COlMcQ,0,BEDEPURRR,9SPWMJ2Yk9g
2,2024-01-20T04:01:00Z,@dulgapur8292,UCYOTmRft1aiuCdCFiwqC9rg,0,Kalo bawa anak umur 8 dan 4 th kena charge ga si?pengin ajak keluarga stay disini,9SPWMJ2Yk9g
3,2023-10-30T05:23:13Z,@lidyasinya3243,UC0S3nwPzBUJqWjw2FCLLsfg,0,"Bocan, nnti Tentrem ada di Alam Sutera. Tapi belum jadi üò¢",9SPWMJ2Yk9g
4,2023-10-03T13:23:33Z,@slenderhooves793,UCMyVTj9ks4Crg0PLR2vqetw,0,‚ù§‚ù§‚ù§,9SPWMJ2Yk9g
5,2023-06-18T11:19:20Z,@MyVirdis,UCwl6vRtpEXrEm8RrrBZ33Dw,0,Jadi ikut bangga jadi pemegang saham sidomuncul üòä,9SPWMJ2Yk9g
6,2023-03-07T20:20:10Z,@kwonglie214,UCgo3gffYL4S0H795rqZzPuw,0,‚ù§BAGUS.  Murah.         Good jobs.    From Boise Idaho usa,9SPWMJ2Yk9g
7,2022-12-12T03:05:26Z,@VloggerJalanJalan,UCuEjM8szWGLWCS7Pc7J2Szg,1,mantab sekali,9SPWMJ2Yk9g
8,2022-12-01T04:27:41Z,@vanissadesra21,UCoYYAkf5_9GPrai1S_2-MRg,1,Paling suka dari sini terutama jamu karena Tentrem Hotels & Resorts ini kepunyaan SidoMuncul Group yang selalu aku support dari lama karena jamunya enak2.,9SPWMJ2Yk9g
9,2022-11-27T02:18:45Z,@aishachanel9544,UCMEahWKQ0nvZCw8sDiiM8JA,1,2 x nginep di hotel Marina bay singapur tp ttp klah jauh SMA hotel di negara sendiri ‚ò∫Ô∏èthe best negeri sendiri,9SPWMJ2Yk9g
10,2022-09-07T06:30:42Z,@jarumkompasutara9555,UC8_YWczop6Uaw0Kb_tPuH7g,7,Sudah saya coba tinggal 3 malam disana dan mantap. Saya rekomendasikan dgn 100%,9SPWMJ2Yk9g
11,2022-07-30T02:37:34Z,@arfahmuhammad5292,UCx4YkqV_--R-fwaVx8hXAxA,0,Makanannya halal ga mba ? Soalnya kan ada chinese food.,9SPWMJ2Yk9g
12,2022-06-08T21:57:43Z,@osmanyta18,UCQ6rcGs7LVOLxf2Xp4ZAzxg,1,Lift nya kyk ex kantor aku di wisma GKBI,9SPWMJ2Yk9g
13,2022-06-06T03:43:25Z,@fitriaalawia7010,UCf40wfprwPr23SIB_XocnBA,1,Bocan ini ga ada kolam anak y,9SPWMJ2Yk9g
14,2022-05-19T02:57:35Z,@sriwijayanti4128,UCtHaiZZdx5QpGhnRy8xa3QQ,2,Pengin Healing di Hotel Tentrem ü§î,9SPWMJ2Yk9g
15,2022-05-11T03:30:40Z,@atikarahmadini1058,UC-Q8ARvu87Pm8ttgpL6jagQ,1,"Pernah ke Hotel Tentrem Jogja ambil paket buka puasa disana, emg enak banget makanannya dan sangat banyak pilihan menunya",9SPWMJ2Yk9g
16,2022-05-10T04:47:46Z,@lydiawinarta6387,UCoYGvooxM6jIeHoOs_QxxsQ,1,Kak bocan apartemennya apk jg disewain ya kak,9SPWMJ2Yk9g
17,2022-04-16T12:29:28Z,@sambalharyanto6088,UCVit0XK4UiFh8T-yacnQ7Gw,1,Thanks utk info nya mantapp ....üëçüëç maju terus ya bocan chanel  üëå,9SPWMJ2Yk9g
18,2022-03-28T03:49:26Z,@gatotellydariyanto318,UCUmGV6Tf11Cg4VwypujGYwA,0,"Hotel yang ada live musik nya,kalau ndak ada live musik nya , umpama masakan hambar rasa nya/ kayak hotel bisu/ kurang hidup?",9SPWMJ2Yk9g
19,2022-03-24T12:34:03Z,@mujiartosh2091,UCMwJ_EluxEAK5BQOpysZgKw,1,Aku udah pernah nginap,9SPWMJ2Yk9g
20,2022-03-18T14:52:36Z,@masterbass3r,UCLsRRJCCubViW70Q9DeTZgg,1,"Thanks bocan reviewnya. Salah satu motivasi nginep di sini buat buktiin rating 10/10 breakfastnya, proven üòÅüëç",9SPWMJ2Yk9g
21,2022-03-14T16:12:36Z,@andymukti6497,UCgyCqJ65YhEkpC9888CRrqw,0,Surabaya donk bocan,9SPWMJ2Yk9g
22,2022-03-03T03:20:05Z,@hafizalubis3634,UCLm_KnpdluwHsq7F15ULBBA,0,jogja lagi,9SPWMJ2Yk9g
23,2022-01-30T11:30:49Z,@wiwidthewokwer,UCvtuxWn3ozvq91YkA1ZgPJA,2,Kolamnya bagus bgt ya kak.. enak bgt tuh buat berenang,9SPWMJ2Yk9g
24,2022-01-28T16:47:09Z,@qbarbarr733,UCBobPraiwnhNifbBCbaZpzA,1,Wow mantepp bangetttüòç,9SPWMJ2Yk9g
25,2022-01-28T14:48:58Z,@yusdibangsawan93,UCyVhtqV02SDAH_1pN8DQoEg,0,"Cobain sheraton lampung kak, hotel legend nya lampung",9SPWMJ2Yk9g
26,2022-01-20T01:25:44Z,@alisaid216,UCIx2LxF6UAKOJ3fn68Ci9lw,1,Cakepp,9SPWMJ2Yk9g
27,2022-01-11T17:44:46Z,@faisalsyahli319,UCqv_-veZjP7zzN6FezSGa6Q,1,Pernah kerja di sini,9SPWMJ2Yk9g
28,2022-01-04T08:21:49Z,@TRIPX08,UCLQHqLotM7WLAo-wr45cTMQ,1,Wih sangat bermanfaat bagi sayaüëç,9SPWMJ2Yk9g
29,2022-01-02T13:04:59Z,@upism3114,UCnE4b49lQpoRXPbPVjGbgig,0,"Deasiner,, cina ,, owner china,, pengunjung indo,, kita kan profinsi mereka ü§£ü§£",9SPWMJ2Yk9g
30,2021-12-22T05:55:21Z,@daniessantana8819,UCMdgzBuqVehq3U-9anePLYg,0,Hotel Soll Marina bangka,9SPWMJ2Yk9g
31,2021-12-12T07:44:13Z,@kost2098,UCLB9tvRWAL4qBnYv-UwlP2Q,0,Bocan bobo cantik orang bobo nggak ada yang cantik ada yang mulutnya mangap,9SPWMJ2Yk9g
32,2021-12-07T03:44:19Z,@ryanrodriguez3102,UCxTNcQSctwyYSpS6AWg4AVw,1,"Kak hal terpenting saat review hotel tuh harga + cara dapetin promonya ya kak maohon disertakan .. 
Sekedar saran üòÖüôè",9SPWMJ2Yk9g
33,2021-11-12T09:59:56Z,@TriwarnandaFamily,UCpfsv7gPEGdKoNYRACjI5SA,1,"1,5jt mah worthed banget dengan fasilitas hotel se-bening ini,, se keren ini.. kereeenn bocan sampe bilang breakfastnya terbaik.. üòçtapi Tentrem belum ada di bandung yaa.. hihihi..   thankyou bocan, the best pokoknya.. üôè",9SPWMJ2Yk9g
34,2021-11-11T13:07:56Z,@radithany1536,UCgPEUfjQ1FST8alb2j4ePyw,0,ingatlah untuk selalu me,9SPWMJ2Yk9g
35,2021-11-09T00:02:25Z,@radithany1536,UCgPEUfjQ1FST8alb2j4ePyw,0,ingatlah untuk selalu memberikan komentar yang,9SPWMJ2Yk9g
36,2021-11-09T00:00:18Z,@radithany1536,UCgPEUfjQ1FST8alb2j4ePyw,0,horeeee jakuzi!ü§£!!!!!!!!!!!,9SPWMJ2Yk9g
37,2021-11-08T23:59:01Z,@radithany1536,UCgPEUfjQ1FST8alb2j4ePyw,0,bibirnya bedarah?,9SPWMJ2Yk9g
38,2021-11-04T05:48:54Z,@RihantsTV,UCpanaD_skY1NkLIWhmsmBOw,0,Kapan2  bisa nyoba hotel di Kota Kecil .. Kota Rembang Jawa Tengah.. ada  POLLOS hotel & gallery.. tepi pantai utara..,9SPWMJ2Yk9g
39,2021-10-29T14:53:09Z,@suratnosuratno1120,UC-E5iZm80hgrBkRLPiA_T8g,1,Makasih ya kakak..telah merekomendasi kota sy Semarang..,9SPWMJ2Yk9g
40,2021-10-11T07:56:12Z,@lyrion5730,UCSnzPCpZ7Cb6seA1RHtvScQ,0,PENGEN NGINEP TP ADA ANJING DI RUMAHKU ‚ú®üò≠,9SPWMJ2Yk9g
41,2021-10-07T06:28:42Z,@tikaasfaharmawansyah4770,UCEq6M-jOC5tBeKpsf3XLteQ,0,Murah yah per mlmnya?üôâ,9SPWMJ2Yk9g
42,2021-09-15T07:08:03Z,@citarasaTV_ETD,UC283D4ro1sHpOEG35uGxQzQ,2,Makasih bocan. Aku suka banget cara bocan ngreview hotel. Dan jadi salah satu inspirasiku,9SPWMJ2Yk9g
43,2021-09-06T01:25:12Z,@vistaramandhana9381,UC447OAicbl9sTWKbTvUr4DA,0,Berapa biaya masuknya,9SPWMJ2Yk9g
44,2021-09-02T16:12:18Z,@vintatina4385,UCotzkslahtCRVDqOBjRK5qA,2,Sotooo bokoraaan bukan bangkong. Yg terkenal bokoran itu tulisannya bokoran ü§£,9SPWMJ2Yk9g
45,2021-08-22T18:35:43Z,@ferryfirmansyah5392,UC9BqGPmuckWLd29qWqQ-uSg,2,Keren bgt viewnya. Pemandangannya kesenjangan sosial,9SPWMJ2Yk9g
46,2021-08-19T12:34:36Z,@agussalimdawang83,UCV3-xx3A-uvk-01_lGhmDPQ,0,gak suka kalo ada unsur unsur cinanya!,9SPWMJ2Yk9g
47,2021-08-15T07:24:56Z,@bhankrizmanthea737,UCja_nhBLEVR4B6kv4we9CBw,0,Ke hotel yk di banyuwangi dong,9SPWMJ2Yk9g
48,2021-08-14T18:29:41Z,@siti913,UCHg9Nf3_G2XZuqD7qtQG6Ug,0,Harga per malam berapa ka?,9SPWMJ2Yk9g
49,2021-08-11T13:35:38Z,@andreaslumenta2054,UCozCFIw8KYfYPeYgnIuQO1A,0,Maaantaap....,9SPWMJ2Yk9g
50,2021-08-01T14:43:21Z,@forzamilan9776,UCkTO6v6ccf-SFwiOwLH9pyg,0,"Semangat bocan, dikit lagi 100k subs",9SPWMJ2Yk9g
51,2021-07-27T13:08:05Z,@itautami9588,UCL9DQyf61bq606l1M_NJ10w,0,Itu di mana ya kk...riviu hotel yg elit dekat bandara donk kk.,9SPWMJ2Yk9g
52,2021-07-13T22:46:11Z,@garselid-abdulsoleh2603,UCYWWZ4aAvvsVOTYcTpe_VKQ,0,Keren sekali bocan,9SPWMJ2Yk9g
53,2021-06-18T14:39:56Z,@andiardiansyah3043,UC-c52Srmr-UkUwgD6Y6RWjQ,0,daerah mana??,9SPWMJ2Yk9g
54,2021-06-16T11:39:54Z,@atikanadyas.7667,UCdadzLijeZTjR1pvmuK6DIQ,0,"Setujuu kak, breakfast nya Tentrem gk ada duaüòç",9SPWMJ2Yk9g
55,2021-06-11T01:59:32Z,@listianaarinalesa1069,UCyWyp87sLHZGIpffXVbJVYg,0,Kereeeeennnnnnn bgt ü•∞,9SPWMJ2Yk9g
56,2021-06-08T08:22:48Z,@TravelerJakarta,UCcsXA0OV-9R_s145t6XWyFA,1,"Hotel impian bangett nih Bocan
Doain bulan ini bisa staycation disini yaa
üòÇüòÇüòÇ",9SPWMJ2Yk9g
57,2021-06-07T04:51:32Z,@betiefebriana3075,UCjpeiJ6QZKsfLtu0c6uSDUQ,0,"Thanks y‚Äôa mbak , liputannya berguna bgt, hotel solo mbak plis , tengkiu",9SPWMJ2Yk9g
58,2021-06-06T15:54:40Z,@arifiantoyusuf9719,UCtmqKG7MjywA5FQoEIyIAtg,1,"Se mlm brp ya.....??
Aku kok pengen yg paling  murah brp ya se mlm.....??",9SPWMJ2Yk9g
59,2021-06-05T13:04:21Z,@syaifulanwarr,UCY2arDA69YV0gSfV0F6W_PQ,0,Alhamdulillah dah pernah üòá,9SPWMJ2Yk9g
60,2021-06-05T05:44:19Z,@mustikadian7854,UCdmoGGcnoBfDoX37yaj_a6Q,1,Ga kebayang pas clear up abiss breakfast :'))),9SPWMJ2Yk9g
61,2021-06-03T12:01:57Z,@smkhasanah1118,UCWAAiPH2NAId99TK5NBUapw,0,satu kekurangan tentrem ini. Lorong bawah tana utk parking nya gak jelas. Gak dikasih petunjuk dan jarang ada petugas,9SPWMJ2Yk9g
62,2021-06-01T14:27:10Z,@rudiharsono8371,UCbH45HEiQ7yfEpuqxJYMnSQ,0,boleh lah.. kapan kapan nginep,9SPWMJ2Yk9g
63,2021-05-31T05:06:28Z,@hestipermatasetiani1120,UCHJMCXc-z4AiNU5Spm_0eHg,0,Itu breakpst udah termasuk harga inap 1malam inclued/ eksclued,9SPWMJ2Yk9g
64,2021-05-30T16:45:09Z,@okiprabowosantosa5554,UCXlfY33gEyTdimQFUnO5HPQ,0,Setiap hari saya lewat sana kak soal nya rumah saya deket sana,9SPWMJ2Yk9g
65,2021-05-30T13:50:48Z,@priyatilt6919,UC4TfxycA4XTFMlB0bdcuMVA,0,Itu hote lokasi tepatnya di jl apa ya,9SPWMJ2Yk9g
66,2021-05-27T08:01:02Z,@playstation1597,UCjNOmqqZtJisYHzoH28Uh2w,0,Tarif harganya permalam berapa?,9SPWMJ2Yk9g
67,2021-05-27T00:00:18Z,@nessylarassimanjuntak4637,UC_86UCpd4noQepqVmv1UUpg,0,Keren banget ya hotel nya,9SPWMJ2Yk9g
68,2021-05-26T18:20:02Z,@AfriWulandari,UCmtYqiXR2EImr3_8ErrGqyQ,0,Di sini depositnya berapanya kak?,9SPWMJ2Yk9g
69,2021-05-22T11:21:40Z,@HamGen,UC3g1dMqQx8DPwi5-mD4kiAw,0,sayang banget ga ada Bathtab..,9SPWMJ2Yk9g
70,2021-05-22T05:16:08Z,@febrylia13,UC7wiDHsqU5ugTACD_7Vlg3w,1,"sukses terus kakk,  makasi dah bagi2 ilmu üòÅ",9SPWMJ2Yk9g
71,2021-05-16T14:14:59Z,@dindafahriza9478,UCNpSS_O_1zj3HrXAg9kUNog,0,"Keren bngtt . Tpi harga nya mahal bngt . 
Semalem harganya 1,6 jt an",9SPWMJ2Yk9g
72,2021-05-16T05:47:50Z,@hozenkarror6862,UCR6Bow56SQR-in3-8ZcsZ1Q,0,Ingat....semarang bukan kaleng2 ya boss,9SPWMJ2Yk9g
73,2021-05-15T17:57:23Z,@patikawaofficial7125,UCNdjWrV6OWRwSP_UZYl4s0g,0,Jepara hadir. gas kesana,9SPWMJ2Yk9g
74,2021-05-15T00:19:16Z,@alyanadiachannel4920,UCiS36ISvRqhb6Z1YQ0wI23w,1,Aku pernah ke situ baguss banget dehüëç,9SPWMJ2Yk9g
75,2021-05-10T02:19:10Z,@rusmini2452,UCUu3ImkfqO058EkKezSUBNA,0,Ko-kolam yg familiar buat fans trio bobrok,9SPWMJ2Yk9g
76,2021-05-09T08:14:18Z,@jotjinhoa66,UCHIkClss8daAE3bzhhCX0gw,0,Trims bocan makasih ya atas detailnya,9SPWMJ2Yk9g
77,2021-05-09T02:51:15Z,@maseegien140,UCWhbr8zhHr1oArZhVAjR3fA,0,Tempat aku kerja..wkwkwk,9SPWMJ2Yk9g
78,2021-05-08T18:14:46Z,@irvanproperty4208,UC8WAEvoKuLipDMIPzL7flCw,0,Mewah banget hotel nya,9SPWMJ2Yk9g
79,2021-05-06T09:06:46Z,@angelaerilynbellvania9884,UCa_kGuKRU84mbwEBYm4h_Cw,0,Mbak itu harga hotel nya berapa soal nya mau cobain tidur di situ,9SPWMJ2Yk9g
80,2021-05-06T00:32:32Z,@WCOfficial95,UCSfg0KD-4AVEpc4SSYa2tOg,13,Kerenn banget hotelnya.. semoga bisa nginep disitu..,9SPWMJ2Yk9g
81,2021-05-04T10:26:49Z,@gabrielledjembrank401,UCJdrpDGoN_N-mcZKAoqFFDA,0,Perabotannya dari HPL yg kesannya jd kayak hotel low budget,9SPWMJ2Yk9g
82,2021-05-03T23:53:14Z,@apriedolphinchanel739,UCqKYIua3RQjbrwcd7Dkqa4g,0,Mantappp..... üëçüëç,9SPWMJ2Yk9g
83,2021-05-01T16:37:57Z,@dwy262,UCSembb2woQOrW_yZlk5lJoQ,0,Ko murah ya. Beneran ini 1.5 per mlm ini hrg via travel online atau walking Guest?,9SPWMJ2Yk9g
84,2021-04-30T17:45:39Z,@b.am10,UCzQD177M17XDqYUumpCMkFQ,0,"Aku org Semarang belom kesini,,tapi ke mallnya udah beberapa kali. Baguss üòä",9SPWMJ2Yk9g
85,2021-04-29T20:34:20Z,@fashioninlove8433,UCSKu45XP8Glm0pb6m6oHXWA,0,"Boleh juga yg mau cari parfum branded dan non branded bisa hubungi saya yoo teman2üôèüèª, di Semarang",9SPWMJ2Yk9g
86,2021-04-28T20:23:15Z,@indahprasetyowati2315,UCK12h3t7Mg-uDzM0cwO1rQg,0,Brp semalem?,9SPWMJ2Yk9g
87,2021-04-28T00:18:45Z,@elisabethendang63,UCbUX-sa9qT6V8_Umj7JOyZw,0,Minimalist ya kak.. warna kayu aman. Bocan pakai kamera apa kak? Tks jk dijawab. üôè,9SPWMJ2Yk9g
88,2021-04-27T14:53:55Z,@mitanurleni4048,UCB6IlAIPeH4ua7-TJ3kx71g,0,Rewiew hotel di Tawangmangu dong kak.. Daerah karanganyar..solo.,9SPWMJ2Yk9g
89,2021-04-24T16:14:51Z,@thebombomereview8508,UCDhlligK0fwuzZNeTZ1iPzQ,0,next destination,9SPWMJ2Yk9g
90,2021-04-21T13:31:11Z,@egiedouce2596,UCiJi0NZhiN8Jl-3HId7539Q,0,Sayangnya Dulux ga pke bathtub. Novotel aja ada bathup nya,9SPWMJ2Yk9g
91,2021-04-20T02:54:09Z,@mugiwaranoluffy2220,UCm5JVmWLz0sW2AecNAGL2AA,0,"Itu yg tukang parkirnya temen saya kaka,tolong dikasih tau sop nya kaka",9SPWMJ2Yk9g
92,2021-04-19T12:40:26Z,@CARLOSTHOMAS2651,UCwwuypUVann6bP_isk1tqLA,0,coba donk ka nginep nginep di kota tasikmalaya asik asik dan saran hotel antara horison / santika / fave hotel.,9SPWMJ2Yk9g
93,2021-04-19T00:21:15Z,@suyonorendra7294,UC543QiABj8pivaYgwC16IRQ,0,Temenku kerja di sini...üëçüëç,9SPWMJ2Yk9g
94,2021-04-18T15:39:16Z,@irwanwijayafika,UC8Ku6vV1JrJM9QN5ZLpcILw,0,"Ada yg tau gak
Parfum ruangan di lobi Tentrem pakai aroma apa? üòÄ",9SPWMJ2Yk9g
95,2021-04-16T15:57:32Z,@adipurwanto5331,UCpcCUnOd3FpbZcW-1q2ah3g,0,Keren bgt hotel nya..dan mbak riview  nya sangat detil sy sangat suka sekali.. Sukses trs yo..thanks..üëçüëçüëç,9SPWMJ2Yk9g
96,2021-04-14T14:42:59Z,@orangtolol6792,UCQWNSK2toof48LUkjWZ6iBQ,0,"suaranya microponic enak bgt detail kalau jelasin apa apa,, dan slalu bkin mupeng",9SPWMJ2Yk9g
97,2021-04-12T03:17:15Z,@febioabeba4302,UCQPJLEIJUGNX7LJ3R8qtbmA,0,Bocann boleh share nomor kamar berapa yang viewnya corner itu? Biar nanti kalo pas sempet nginep bisa request kamar yang viewnya dobel kayak bocannn :),9SPWMJ2Yk9g
98,2021-04-10T16:53:08Z,@jibelsinger,UC_b5WD6I_ooNxPUg1w3-Sxw,0,Saya yang supply lampunyaaa hehehh,9SPWMJ2Yk9g
99,2021-04-10T13:08:03Z,@fatkhulhakim9342,UCIjqkflpAYHWvBDeyHrxRgw,0,Sejak pertama kali lihat ulasan Bocan di Banyuwangi. Btw Bocan sudah 2x road trip Bali. Pengen banget üòÅ,9SPWMJ2Yk9g
100,2021-04-09T23:06:47Z,@harwinhutahayan3828,UCrZcQZJ4Ib-FTCwI73Sexcw,0,Kebiasaan gedung di Indonesia. Pedestrian pejalan kaki tuh kek kurang diperhatikan,9SPWMJ2Yk9g
101,2021-04-09T18:24:34Z,@water90s,UCA_Xr84FhI92vzpzEHSAQ0Q,0,Permlm brp y,9SPWMJ2Yk9g
102,2021-04-07T13:11:41Z,@andiprayitno55,UCZCn7U05SVIVLIvWBoREFIw,0,Keren banget...kak ada facebook gak? Kebetulan saya punya grup di facebook.grup khusus hotel.nama grupnya INFO HOTEL & PENGINAPAN JAWA TENGAH...mungkin bisa posting review juga di grup saya kak.terima kasih...,9SPWMJ2Yk9g
103,2021-04-07T09:10:55Z,@merrysrijatno8570,UCd76dZ388f84kw4shWg0-Hw,0,"Terima kasih liputannya Bocan..
Keren banget hotelnya juga informasi Bocan nya..
üëçüëçüëçü§©
Kalo di Solo belum pernah di review ya hotel2nya.?
Ada info gak Bocan hotel yg ada mini pantri nya ? Supaya bisa masak2 sendiri maksudnya 
Makasih banyak ya Bocan..",9SPWMJ2Yk9g
104,2021-04-07T06:41:40Z,@putriyunita9435,UCtfYnRyWX__RYrjm0KsAQDw,0,"Assalamualaikum ... shollu 'alaih ...
‚òÖ Sukses untuk channel nya. Aaamiin yaa robb ...
Selamat siang ...",9SPWMJ2Yk9g
105,2021-04-07T01:09:44Z,@arifprabowo4492,UCfB2ajkEQXl23zdo3bBNZRg,0,Pengambilan video pakai berapa resolusinya kak.?  1080/60fps apa 4K?,9SPWMJ2Yk9g
106,2021-04-06T11:32:25Z,@masayunurlaila4502,UClJF9ANELERTnpW26WSqpVA,1,"Kolam renangnya asyik.bangeeeeet ... paling murah rate 1,5?",9SPWMJ2Yk9g
107,2021-04-05T14:40:04Z,@inekerahayu2649,UC8JTBuyx56l9Eond1v-XCWw,1,Hotel tentrem ini klo gk salah punya e Sidomuncul ya..,9SPWMJ2Yk9g
108,2021-04-05T12:14:05Z,@lumpialanny2951,UC-x_dZr_fjQIzvDu4mVB0Sw,18,Keren n bagus y. Kakak komunikatif bingit.. jd g bosen nontonya. Lucu dan engga dibuat buat juga. Hehehe.. kontenya jg bermanfaat... thx kak.. jd rencana mau dijadwalkan kesana meski org Semarang sendiri.,9SPWMJ2Yk9g
109,2021-04-05T10:58:55Z,@budynecsty2869,UCDTcM5rphP3XSEWIeduSq5g,0,Sbulan lalu  nginep di tentrem ada putri dyungnya tu kolam renangnyaüòÅüòÅüòÅ,9SPWMJ2Yk9g
110,2021-04-05T10:02:28Z,@slametwidodo1837,UCoDFdBCO8anwaqJOZ-DswRA,0,Xie Xie Cici Bocan üëç,9SPWMJ2Yk9g
111,2021-04-05T08:32:08Z,@budisantosotv6986,UCZxiCcHPCMWdOTLY2YlihJQ,0,Belakang Tentrem rumah saya monggo mampir üòÖ,9SPWMJ2Yk9g
112,2021-04-05T00:04:58Z,@tectonagrandis7690,UCQDKLXBUnr0EAhrDsydMNZg,0,wahhh Semarang üòç,9SPWMJ2Yk9g
113,2021-04-04T09:21:37Z,@bvankiddidin2321,UCFEre_coM1QjYt4ezXAgD0w,0,kesan pertama nginep disini KECEWA BANGET. datang dr jam 12 checkin baru bs jma 17.30 itu pun dengan tidak tersedia kamar yg dipesanbpadahal sdh di peaan dr 1 minggu lalu dan sdh ok dr pihak hotelnya. padahal sewa kamar yg 3juta. malah suruh down grade ke deluxe yg harganya 1.5 juta. dimana mana orang kl kesalahan dr hitel mqlah diupgrade ini malah suruh down grade,9SPWMJ2Yk9g
114,2021-04-04T04:36:50Z,@shafiraharyanirainfun03,UCL7zCbFzw2x9v3XnBojZ_aw,1,Kolam renang lantai putri duyung,9SPWMJ2Yk9g
115,2021-04-04T01:22:19Z,@sundaribali9185,UCBwL5o3IP0FOBE8qrV4isQA,0,"Thx informasinya ce,,, saya noted utk refrensi kalo stay di semarang.. Hehehe,,,",9SPWMJ2Yk9g
116,2021-04-03T22:40:29Z,@riorio6760,UCy1aahyNP6lY1RL-d8vm3-Q,0,Bocan Ke kota Makassar üòä,9SPWMJ2Yk9g
117,2021-04-03T20:59:58Z,@PARTAAdventure,UCyVp5ztX70YZiC7IdkyvFUw,2,inspirasi banget sebelum review pasti cari solusi di channel ini,9SPWMJ2Yk9g
118,2021-04-03T17:28:29Z,@reviewbyyoseph,UCv8kBPhTt9R51VpJ8RwTuhA,1,Selalu keren nih youtubenya bobo cantik,9SPWMJ2Yk9g
119,2021-04-03T13:28:35Z,@anggaliemwibowo8834,UCHjKxIko3YwLgaqK8pxyiIA,0,Wahh mantap ya bund.. kebetulan aku juga di Semarang ini,9SPWMJ2Yk9g
120,2021-04-03T13:00:58Z,@ivanazarra9001,UCTya4ZKjeMe7uQ8knIk8Iog,1,Yok kak Ke Rumah Kuüò≠üòÇ,9SPWMJ2Yk9g
121,2021-04-03T10:54:17Z,@moyoneagung2019,UC1b2RSyds7OWp9TAWGvVKew,1,Bisa dicoba nanti kalau Padma Hotel Semarang ( bintang lima) beroperasi.,9SPWMJ2Yk9g
122,2021-04-03T10:11:05Z,@ninungID,UC3BWuD7ixG2ZxDaJE0nMvsQ,0,"Sebentar lagi saingan sepadannya jadi, Hotel Padma miliknya Djarum.",9SPWMJ2Yk9g
123,2021-04-03T07:42:53Z,@atayafamily7646,UChwc-Mz2Lh3YRD2bjvA5MgQ,0,review hotel paling bagus di cirebon dong apa?,9SPWMJ2Yk9g
124,2021-04-03T06:03:41Z,@BangBewokKeren18,UCsC7ZDlr6GbNuiEPcpg-RcA,0,Kolam renang nya keren banget üëçüëç,9SPWMJ2Yk9g
125,2021-04-03T03:55:58Z,@dolannginep3264,UCEi7TX-RBKp2MSqwPjxjyvA,0,"Pernah mau coba pas ada diskon travelokü§ë.
Tapi gak jadi karna hari diskon dengan duty tak berbanding lurusü§£üòÖ
Mantap Kakak Bocan.
Salam vlogger dari Nganjuk Jatim.üôèüôè",9SPWMJ2Yk9g
126,2021-04-03T03:34:50Z,@takemikazuchi577,UClhqAqEpyowlm7MrPN3Xu5g,0,Deposit kena berapa kak,9SPWMJ2Yk9g
127,2021-04-03T03:06:57Z,@rianaslametanugraha4863,UCsjWNulY-HZWZG8aKkpNbFQ,2,"kembali keliling hotel bandung z bocan, heüòÖ",9SPWMJ2Yk9g
128,2021-04-03T02:46:40Z,@bhotelfauzifauzi243,UCnk4mfcr6X02k3WV892Fr2A,1,Keren banget bocan‚ù§Ô∏è,9SPWMJ2Yk9g
129,2021-04-03T00:12:59Z,@topanbadai,UCGTIqgd8-AdbKMVRbY2PNMw,3,"Keren, gue suka sama vlog ini",9SPWMJ2Yk9g
130,2021-04-02T15:09:06Z,@Quinna_channel,UCdD5rwlLb_LoUjG4ZK_DLJQ,3,The best reviewnya so far... Terima kasih Bocan,9SPWMJ2Yk9g
131,2021-04-02T14:56:51Z,@momorlando6778,UCSSafoB05-nynOOclXO7stA,0,Mantappp...bocan kalo review hotel gini diendors g üôè,9SPWMJ2Yk9g
132,2021-04-02T14:52:22Z,@ferypadli9222,UCz2uj-PKfoj8ORv4KdtEIxA,0,Review Hotel di Bengkulu dong. Hotel Horizon. Tq bobor,9SPWMJ2Yk9g
133,2021-04-02T14:27:30Z,@pututirta3253,UCW2jZathQb_lrASBefcwtSA,0,Bocan bisa rievew kuliner jg ng...,9SPWMJ2Yk9g
134,2021-04-02T14:23:16Z,@antonrustanto,UCfmXXLzDankh303rOzb_P0A,0,"Mirip2 yaahh sama Gumaya Hotel, di Semarang juga... Hehe",9SPWMJ2Yk9g
135,2021-04-02T14:05:02Z,@nmaulids,UCq46zEekxGI-5LiE-_u2aBA,1,"Golden Tulip Batu dong bocan, aku kangen kesana nih",9SPWMJ2Yk9g
136,2021-04-02T13:28:08Z,@zhao_erdin,UCsjaHeIxnKoo1iOoKFzCNTw,9,"Udah pernah ke Manado belum? Coba destinasi disana. Selain hotel, juga banyak destinasi2 wisata yang gak kalah kerennya, termasuk kulinernya sedap-sedap!",9SPWMJ2Yk9g
137,2021-04-02T12:20:16Z,@trirahmadi4545,UCch_DTjI6fNMLvIHz-DW87w,0,Kamera nya baru kayanya lebih jernih dr biasamya mantul,9SPWMJ2Yk9g
138,2021-04-02T11:46:44Z,@safiraekarahma,UCpS1VmheDbpX1novGb5At-Q,2,Mudah2an bisa nginep dsiniüëç,9SPWMJ2Yk9g
139,2021-04-02T11:01:26Z,@shendidipothera7026,UCM9XOl_JUAwRS1MV7gEORWQ,0,"Teruskan ci review2 hotelnya. Trutama utk range harga 1-2 jt an. üëçüèº
Smangat trs...",9SPWMJ2Yk9g
140,2021-04-02T10:37:42Z,@danieljustinemanullang656,UCuosWyEwmQ4w7aoyvUreQEA,0,Hotel seruni next dong bocan,9SPWMJ2Yk9g
141,2021-04-02T10:11:48Z,@holilahwardiani2895,UCLkdghn6Rm9dH1wOkrjqI3g,15,"paling suka sama chanel ini, karena pengambilan gambarnya keeeren banget  dan me rivew hotelnya jelas banget ü•∞semoga semakin sukses terus ""BOCAN"" ‚ù§Ô∏è",9SPWMJ2Yk9g
142,2021-04-02T10:00:08Z,@sivalijayantoatmadja1549,UC0INJ_D-kh-_12tWQXICTwg,8,"Semoga lekas sembuh si kecilüôè, ati2 bocan üåü",9SPWMJ2Yk9g
143,2021-04-02T09:33:47Z,@desirewilma9641,UCATzqmvFx18gODv5MVCObHg,0,Hotel mewah di manado dongggg...,9SPWMJ2Yk9g
144,2021-04-02T09:31:10Z,@bengylenhaal,UCizYJzajVhfAPOcHS5_9obw,0,Bocan dalam sebulan tinggal di rumah brp kali ya?? Hhheeee...,9SPWMJ2Yk9g
145,2021-04-02T09:18:08Z,@explore_family,UCERchUdjGdmXLvLb2T4xIvQ,0,Patut di coba ni kalau k Semarang. Kereen bocan üëç,9SPWMJ2Yk9g
146,2021-04-02T09:18:05Z,@RikiSuwandi,UCi0KTp1crUowP6m3jpzGZtw,1,Mehong ni hotell,9SPWMJ2Yk9g
147,2021-04-02T09:05:31Z,@Ken91092,UCxfdEFjon5BwVY2m1VmzMbw,0,"Halo mbak, mau tanya, kalo breakfast di hotel2 seperti ini, apakah dibolehkan ngambil makanan seperlunya utk cemal cemil di kamar?",9SPWMJ2Yk9g
148,2021-04-02T09:01:00Z,@Rakha_official7,UC80BF6Fte--Fqwy2t6wf7KQ,29,Sangat informatif sekali videonya. Pengambilan gambarnyapun bagus. Suka,9SPWMJ2Yk9g
149,2021-04-02T08:20:37Z,@gesdyaaurora3320,UCaMTJrgjCpCzDoFBK2gofUg,1,Keren bgt üëçüëçüëçüëç,9SPWMJ2Yk9g
150,2021-04-02T08:20:11Z,@gesdyaaurora3320,UCaMTJrgjCpCzDoFBK2gofUg,0,Woooooow kereeeeeeeeen kak,9SPWMJ2Yk9g
151,2021-04-02T08:16:08Z,@tommytommy346,UCVpcEfI8oydgjmBq5HAFOZQ,9,Keren banget review hotel tentrem semarang  rencana aku ada solusi menginap ke sana sambil mengajak keluarga liburan tambah asyik dan tambah betah aja soalnya pemandangannya lebih keren dab kece banget sukses selalu bocan,9SPWMJ2Yk9g
152,2021-04-02T08:09:55Z,@naya9622,UCNc2V0iJQjgHeIeb5QUC1ow,3,yeay my hometown,9SPWMJ2Yk9g
153,2021-04-02T08:04:15Z,@FoodandFoot,UCvUOKHkiWnvZUyMk6ALvFtQ,1,Mantab bocan lebih modern ya dari tentrem jogja,9SPWMJ2Yk9g
154,2021-04-02T07:56:14Z,@ayinlim7095,UCOW8QoP4E0-5PsPAUUTOZ0w,3,Enak banget hotel disini sudah pernah nginap ada jacuzi ada sauna ada playground anak plus sebelahnya ada mall sayang masi sepi mallnya,9SPWMJ2Yk9g
155,2021-04-02T07:46:27Z,@eepbetot,UClKzrzSZp-MFYx1aiQLJh8Q,0,hadir  mbak..!! baru masuk dh betah pa lagi nginap...wah bisa¬≤ gk mau pulang..mantpüëçüëçüèªüëçüèªüôèsalam suksesti Baraya,9SPWMJ2Yk9g
156,2021-04-02T07:45:17Z,@lindamagdalena795,UCxE0kpMWfhh3BpXEGeU4dUA,2,11 menit yg lalu ... keren ü•∞,9SPWMJ2Yk9g
157,2021-04-02T07:44:42Z,@fahimjavier9892,UCsRpIXLqcwSlGz4yo0Dk1Vw,4,Alhamdulillah sudah 2x ke sini üòÅ,9SPWMJ2Yk9g
158,2021-04-02T07:38:05Z,@nadiaseptiani3580,UCMAmxENkj8K82pDKTvjBsSw,2,Bagus banget,9SPWMJ2Yk9g
159,2021-04-02T07:35:04Z,@dhanov,UCCz9cDK7jfFWAUtWodZjVuw,2,Comment ke 3,9SPWMJ2Yk9g
160,2021-04-02T07:34:04Z,@TOKO_AISYAH26,UC5vY_sfwY4cqdKZbdQlCT5A,1,"Langsung di klik dong first
Dapet apa nih üòÅ",9SPWMJ2Yk9g
161,2021-04-02T07:33:47Z,@Ananamumuchannel,UCN5JUUS6LLXWrI46886thIA,2,Keren bocan!,9SPWMJ2Yk9g
